{"v":"5.7.0","fr":30,"ip":0,"op":130,"w":512,"h":176,"nm":"Heartbeat","ddd":0,"assets":[],"layers":[{"ddd":0,"ind":1,"ty":4,"nm":"cardio","sr":1,"ks":{"o":{"a":1,"k":[{"i":{"x":[0.667],"y":[1]},"o":{"x":[0.333],"y":[0]},"t":111,"s":[100]},{"t":129,"s":[1]}],"ix":11},"r":{"a":0,"k":0,"ix":10},"p":{"a":0,"k":[256,88,0],"ix":2},"a":{"a":0,"k":[683,215,0],"ix":1},"s":{"a":0,"k":[37.5,37.5,100],"ix":6}},"ao":0,"shapes":[{"ty":"gr","it":[{"ind":0,"ty":"sh","ix":1,"ks":{"a":0,"k":{"i":[[0,0],[0,0],[0,0],[0,0],[0,0],[0,0],[0,0],[0,0],[0,0],[0,0],[0,0],[0,0],[0,0],[0,0],[0,0],[0,0],[0,0],[0,0],[0,0],[0,0],[0,0],[0,0],[0,0],[0,0]],"o":[[0,0],[0,0],[0,0],[0,0],[0,0],[0,0],[0,0],[0,0],[0,0],[0,0],[0,0],[0,0],[0,0],[0,0],[0,0],[0,0],[0,0],[0,0],[0,0],[0,0],[0,0],[0,0],[0,0],[0,0]],"v":[[-750.44,26.382],[-702.93,26.382],[-684.735,-16.072],[-661.992,26.382],[-651.075,27.595],[-643.797,43.971],[-625.602,-154.353],[-589.212,154.353],[-571.018,26.382],[-534.628,26.382],[-520.072,4.549],[-505.517,26.382],[-439.108,26.382],[-420.913,-16.072],[-398.169,26.382],[-387.253,27.595],[-379.975,43.971],[-361.78,-154.353],[-325.39,154.353],[-307.195,26.382],[-270.806,26.382],[-256.25,4.549],[-241.694,26.382],[750.44,26.382]],"c":false},"ix":2},"nm":"Path 1","mn":"ADBE Vector Shape - Group","hd":false},{"ty":"st","c":{"a":0,"k":[0,0.681999954523,0.936999990426,1],"ix":3},"o":{"a":0,"k":100,"ix":4},"w":{"a":0,"k":7,"ix":5},"lc":1,"lj":1,"ml":10,"bm":0,"nm":"Stroke 1","mn":"ADBE Vector Graphic - Stroke","hd":false},{"ty":"tr","p":{"a":0,"k":[615.56,216.562],"ix":2},"a":{"a":0,"k":[0,0],"ix":1},"s":{"a":0,"k":[100,100],"ix":3},"r":{"a":0,"k":0,"ix":6},"o":{"a":0,"k":100,"ix":7},"sk":{"a":0,"k":0,"ix":4},"sa":{"a":0,"k":0,"ix":5},"nm":"Transform"}],"nm":"Group 1","np":2,"cix":2,"bm":0,"ix":1,"mn":"ADBE Vector Group","hd":false},{"ty":"tm","s":{"a":1,"k":[{"i":{"x":[0.833],"y":[0.833]},"o":{"x":[0.167],"y":[0.167]},"t":78,"s":[0]},{"t":129,"s":[100]}],"ix":1},"e":{"a":1,"k":[{"i":{"x":[0.833],"y":[0.833]},"o":{"x":[0.167],"y":[0.167]},"t":0,"s":[0]},{"t":90,"s":[100]}],"ix":2},"o":{"a":0,"k":0,"ix":3},"m":1,"ix":2,"nm":"Trim Paths 1","mn":"ADBE Vector Filter - Trim","hd":false}],"ip":0,"op":210,"st":0,"bm":0}],"markers":[]}