{"v":"5.7.0","fr":30,"ip":0,"op":90,"w":512,"h":512,"nm":"menu_icon_onwhite","ddd":0,"assets":[],"layers":[{"ddd":0,"ind":1,"ty":4,"nm":"menu","sr":1,"ks":{"o":{"a":0,"k":100,"ix":11},"r":{"a":0,"k":0,"ix":10},"p":{"a":0,"k":[261.121,244.948,0],"ix":2},"a":{"a":0,"k":[1079.743,46.772,0],"ix":1},"s":{"a":0,"k":[2233,2233,100],"ix":6}},"ao":0,"shapes":[{"ty":"gr","it":[{"ind":0,"ty":"sh","ix":1,"ks":{"a":0,"k":{"i":[[0,0],[-3.841,0],[0,-3.841],[0,0],[5.77,0],[0,-5.77]],"o":[[0,-3.841],[3.841,0],[0,0],[0,-5.77],[-5.77,0],[0,0]],"v":[[-6.965,5.223],[0,-1.741],[6.965,5.223],[10.447,5.223],[0,-5.223],[-10.447,5.223]],"c":true},"ix":2},"nm":"Path 1","mn":"ADBE Vector Shape - Group","hd":false},{"ty":"fl","c":{"a":0,"k":[0.427450980392,0.811764705882,0.964705882353,1],"ix":4},"o":{"a":0,"k":100,"ix":5},"r":1,"bm":0,"nm":"Fill 1","mn":"ADBE Vector Graphic - Fill","hd":false},{"ty":"tr","p":{"a":0,"k":[1079.743,45.224],"ix":2},"a":{"a":0,"k":[0,0],"ix":1},"s":{"a":0,"k":[100,100],"ix":3},"r":{"a":0,"k":0,"ix":6},"o":{"a":0,"k":100,"ix":7},"sk":{"a":0,"k":0,"ix":4},"sa":{"a":0,"k":0,"ix":5},"nm":"Transform"}],"nm":"Group 1","np":2,"cix":2,"bm":0,"ix":1,"mn":"ADBE Vector Group","hd":false},{"ty":"gr","it":[{"ind":0,"ty":"sh","ix":1,"ks":{"a":0,"k":{"i":[[0,-1.709],[1.71,0],[0,1.71],[-1.71,0]],"o":[[0,1.71],[-1.71,0],[0,-1.709],[1.71,0]],"v":[[3.095,0],[-0.001,3.096],[-3.096,0],[-0.001,-3.096]],"c":true},"ix":2},"nm":"Path 1","mn":"ADBE Vector Shape - Group","hd":false},{"ty":"fl","c":{"a":0,"k":[0.427450980392,0.811764705882,0.964705882353,1],"ix":4},"o":{"a":0,"k":100,"ix":5},"r":1,"bm":0,"nm":"Fill 1","mn":"ADBE Vector Graphic - Fill","hd":false},{"ty":"tr","p":{"a":1,"k":[{"i":{"x":0.667,"y":1},"o":{"x":0.333,"y":0},"t":0,"s":[1082.839,50.447],"to":[0,0],"ti":[0,0]},{"i":{"x":0.667,"y":1},"o":{"x":0.333,"y":0},"t":45,"s":[1076.339,50.447],"to":[0,0],"ti":[0,0]},{"i":{"x":0.667,"y":1},"o":{"x":0.167,"y":0},"t":90,"s":[1082.839,50.447],"to":[0,0],"ti":[0,0]},{"i":{"x":0.667,"y":1},"o":{"x":0.333,"y":0},"t":134,"s":[1076.339,50.447],"to":[0,0],"ti":[0,0]},{"t":180,"s":[1082.839,50.447]}],"ix":2},"a":{"a":0,"k":[0,0],"ix":1},"s":{"a":0,"k":[100,100],"ix":3},"r":{"a":0,"k":0,"ix":6},"o":{"a":0,"k":100,"ix":7},"sk":{"a":0,"k":0,"ix":4},"sa":{"a":0,"k":0,"ix":5},"nm":"Transform"}],"nm":"Group 2","np":2,"cix":2,"bm":0,"ix":2,"mn":"ADBE Vector Group","hd":false}],"ip":0,"op":210,"st":0,"bm":0}],"markers":[]}