{"v":"5.7.0","fr":30,"ip":0,"op":120,"w":512,"h":512,"nm":"search_icon_onblue","ddd":0,"assets":[],"layers":[{"ddd":0,"ind":1,"ty":4,"nm":"search1","sr":1,"ks":{"o":{"a":0,"k":100,"ix":11},"r":{"a":1,"k":[{"i":{"x":[0.667],"y":[1]},"o":{"x":[0.333],"y":[0]},"t":0,"s":[0]},{"i":{"x":[0.667],"y":[1]},"o":{"x":[0.333],"y":[0]},"t":60,"s":[45]},{"t":120,"s":[0]}],"ix":10},"p":{"a":0,"k":[258.25,222.25,0],"ix":2},"a":{"a":0,"k":[2.25,-33.75,0],"ix":1},"s":{"a":0,"k":[222,222,100],"ix":6}},"ao":0,"shapes":[{"ty":"gr","it":[{"d":1,"ty":"el","s":{"a":0,"k":[163.5,163.5],"ix":2},"p":{"a":0,"k":[0,0],"ix":3},"nm":"Ellipse Path 1","mn":"ADBE Vector Shape - Ellipse","hd":false},{"ty":"st","c":{"a":0,"k":[0,0.682352941176,0.937254961799,1],"ix":3},"o":{"a":0,"k":100,"ix":4},"w":{"a":0,"k":0,"ix":5},"lc":1,"lj":1,"ml":4,"bm":0,"nm":"Stroke 1","mn":"ADBE Vector Graphic - Stroke","hd":false},{"ty":"tr","p":{"a":0,"k":[2.25,-33.75],"ix":2},"a":{"a":0,"k":[0,0],"ix":1},"s":{"a":0,"k":[101.848,101.848],"ix":3},"r":{"a":0,"k":0,"ix":6},"o":{"a":0,"k":100,"ix":7},"sk":{"a":0,"k":0,"ix":4},"sa":{"a":0,"k":0,"ix":5},"nm":"Transform"}],"nm":"Ellipse 1","np":3,"cix":2,"bm":0,"ix":1,"mn":"ADBE Vector Group","hd":false}],"ip":0,"op":210,"st":0,"bm":0},{"ddd":0,"ind":2,"ty":4,"nm":"search2","parent":1,"sr":1,"ks":{"o":{"a":0,"k":100,"ix":11},"r":{"a":0,"k":0,"ix":10},"p":{"a":0,"k":[1.89,-31.694,0],"ix":2},"a":{"a":0,"k":[1223.937,50.684,0],"ix":1},"s":{"a":0,"k":[796.622,796.622,100],"ix":6}},"ao":0,"shapes":[{"ty":"gr","it":[{"ind":0,"ty":"sh","ix":1,"ks":{"a":0,"k":{"i":[[0,0],[2.551,0],[0,3.841],[-3.841,0],[0,-3.84],[0,0],[5.769,0],[0,-5.77],[-5.771,0],[-1.705,1.217],[0,0],[0,0]],"o":[[-1.214,2.051],[-3.841,0],[0,-3.84],[3.84,0],[0,0],[0,-5.77],[-5.771,0],[0,5.77],[2.256,0],[0,0],[0,0],[0,0]],"v":[[4.941,2.479],[-1.052,5.913],[-8.017,-1.052],[-1.052,-8.017],[5.912,-1.052],[9.395,-1.052],[-1.052,-11.5],[-11.5,-1.052],[-1.052,9.395],[4.988,7.451],[9.037,11.5],[11.5,9.039]],"c":true},"ix":2},"nm":"Path 1","mn":"ADBE Vector Shape - Group","hd":false},{"ty":"fl","c":{"a":0,"k":[0,0.681999954523,0.936999990426,1],"ix":4},"o":{"a":0,"k":100,"ix":5},"r":1,"bm":0,"nm":"Fill 1","mn":"ADBE Vector Graphic - Fill","hd":false},{"ty":"tr","p":{"a":0,"k":[1225.067,51.5],"ix":2},"a":{"a":0,"k":[0,0],"ix":1},"s":{"a":0,"k":[100,100],"ix":3},"r":{"a":0,"k":0,"ix":6},"o":{"a":0,"k":100,"ix":7},"sk":{"a":0,"k":0,"ix":4},"sa":{"a":0,"k":0,"ix":5},"nm":"Transform"}],"nm":"Group 1","np":2,"cix":2,"bm":0,"ix":1,"mn":"ADBE Vector Group","hd":false}],"ip":0,"op":210,"st":0,"bm":0}],"markers":[]}